{
  "examples\\example_qwen3_asr_transformers.py": 1776153790.0287762,
  "examples\\example_qwen3_asr_vllm.py": 1776153790.0287838,
  "examples\\example_qwen3_asr_vllm_streaming.py": 1776153790.0287838,
  "examples\\example_qwen3_forced_aligner.py": 1776153790.0287838,
  "finetuning\\qwen3_asr_sft.py": 1776153790.0297823,
  "qwen_asr\\__init__.py": 1776153790.0297823,
  "qwen_asr\\__main__.py": 1776153790.0297823,
  "qwen_asr\\cli\\demo.py": 1776153790.0297823,
  "qwen_asr\\cli\\demo_streaming.py": 1776153790.031181,
  "qwen_asr\\cli\\serve.py": 1776153790.031181,
  "qwen_asr\\core\\transformers_backend\\configuration_qwen3_asr.py": 1776153790.031181,
  "qwen_asr\\core\\transformers_backend\\modeling_qwen3_asr.py": 1776153790.0321803,
  "qwen_asr\\core\\transformers_backend\\processing_qwen3_asr.py": 1776153790.0321803,
  "qwen_asr\\core\\transformers_backend\\__init__.py": 1776153790.031181,
  "qwen_asr\\core\\vllm_backend\\qwen3_asr.py": 1776153790.0331807,
  "qwen_asr\\core\\vllm_backend\\__init__.py": 1776153790.0331807,
  "qwen_asr\\inference\\qwen3_asr.py": 1776153790.0351808,
  "qwen_asr\\inference\\qwen3_forced_aligner.py": 1776153790.0351808,
  "qwen_asr\\inference\\utils.py": 1776153790.0356925,
  "README.md": 1776153790.018253,
  "finetuning\\README.md": 1776153790.0297823,
  "assets\\Qwen3_ASR.pdf": 1776153790.0277736
}